ID,TARGET
0,12
1,13
2,12
3,13
4,12
5,5
6,13
7,5
8,12
9,5
10,5
11,13
12,5
13,12
14,12
15,12
16,4
17,13
18,12
19,13
20,13
21,13
22,5
23,13
24,12
25,5
26,13
27,13
28,12
29,5
30,13
31,12
32,13
33,12
34,12
35,13
36,5
37,5
38,12
39,12
40,12
41,5
42,12
43,5
44,12
45,4
46,12
47,12
48,5
49,5
50,12
51,12
52,12
53,5
54,5
55,13
56,13
57,5
58,12
59,5
60,12
61,5
62,12
63,13
64,12
65,5
66,12
67,5
68,13
69,13
70,5
71,12
72,12
73,13
74,12
75,12
76,13
77,12
78,5
79,5
80,12
81,12
82,13
83,5
84,13
85,5
86,5
87,13
88,13
89,13
90,5
91,13
92,13
93,12
94,5
95,5
96,12
97,5
98,12
99,13
100,5
101,12
102,13
103,12
104,12
105,12
106,12
107,13
108,5
109,5
110,13
111,13
112,5
113,12
114,12
115,12
116,13
117,5
118,5
119,13
120,5
121,12
122,5
123,5
124,5
125,13
126,12
127,12
128,5
129,5
130,13
131,12
132,12
133,13
134,5
135,13
136,5
137,5
138,13
139,13
140,5
141,5
142,12
143,12
144,13
145,5
146,12
147,5
148,5
149,5
150,12
151,12
152,13
153,12
154,12
155,12
156,5
157,5
158,13
159,12
160,12
161,5
162,5
163,5
164,13
165,5
166,5
167,12
168,13
169,5
170,5
171,5
172,5
173,13
174,12
175,5
176,13
177,12
178,13
179,5
180,12
181,13
182,5
183,13
184,12
185,12
186,12
187,12
188,13
189,5
190,12
191,12
192,5
193,13
194,13
195,13
196,12
197,13
198,12
199,13
200,13
201,5
202,13
203,12
204,12
205,12
206,12
207,5
208,13
209,12
210,5
211,5
212,12
213,5
214,5
215,12
216,5
217,12
218,13
219,13
220,12
221,13
222,12
223,5
224,12
225,5
226,12
227,12
228,13
229,12
230,5
231,13
232,13
233,5
234,5
235,12
236,5
237,5
238,13
239,13
240,12
241,13
242,13
243,5
244,13
245,12
246,5
247,12
248,13
249,5
250,12
251,13
252,12
253,12
254,12
255,12
256,12
257,12
258,5
259,12
260,5
261,5
262,5
263,12
264,13
265,5
266,5
267,12
268,13
269,12
270,13
271,12
272,12
273,13
274,13
275,13
276,13
277,12
278,5
279,5
280,5
281,5
282,5
283,13
284,5
285,12
286,5
287,12
288,13
289,5
290,12
291,12
292,12
293,5
294,13
295,12
296,12
297,12
298,5
299,12
300,12
301,5
302,12
303,13
304,13
305,13
306,13
307,13
308,5
309,13
310,12
311,5
312,12
313,13
314,12
315,5
316,13
317,13
318,5
319,13
320,12
321,13
322,13
323,13
324,12
325,12
326,5
327,12
328,5
329,5
330,12
331,13
332,12
333,5
334,5
335,13
336,12
337,5
338,13
339,12
340,13
341,12
342,12
343,13
344,12
345,5
346,12
347,12
348,12
349,12
350,5
351,13
352,13
353,5
354,12
355,13
356,5
357,12
358,13
359,12
360,12
361,12
362,13
363,13
364,12
365,12
366,12
367,13
368,12
369,13
370,13
371,12
372,12
373,12
374,13
375,12
376,13
377,5
378,5
379,13
380,5
381,5
382,5
383,5
384,5
385,12
386,12
387,5
388,5
389,12
390,5
391,13
392,13
393,5
394,12
395,12
396,12
397,5
398,5
399,12
400,12
401,5
402,5
403,5
404,12
405,5
406,12
407,5
408,5
409,12
410,13
411,12
412,12
413,13
414,5
415,13
416,12
417,12
418,13
419,12
420,5
421,12
422,5
423,5
424,13
425,5
426,12
427,13
428,5
429,12
430,13
431,12
432,13
433,12
434,12
435,12
436,13
437,5
438,5
439,13
440,13
441,5
442,5
443,5
444,13
445,5
446,12
447,13
448,5
449,12
450,5
451,12
452,12
453,12
454,13
455,13
456,13
457,12
458,12
459,13
460,5
461,5
462,5
463,13
464,12
465,5
466,5
467,5
468,13
469,12
470,12
471,5
472,12
473,13
474,13
475,13
476,5
477,12
478,12
479,12
480,13
481,12
482,5
483,13
484,13
485,12
486,5
487,5
488,5
489,13
490,5
491,12
492,13
493,13
494,12
495,12
496,12
497,12
498,12
499,12
500,12
501,12
502,13
503,12
504,13
505,5
506,12
507,12
508,12
509,13
510,5
511,5
512,13
513,5
514,5
515,5
516,5
517,12
518,13
519,5
520,12
521,12
522,13
523,5
524,5
525,5
526,5
527,12
528,5
529,13
530,13
531,12
532,13
533,12
534,5
535,12
536,12
537,5
538,12
539,13
540,5
541,13
542,12
543,5
544,12
545,13
546,13
547,13
548,12
549,5
550,12
551,5
552,5
553,5
554,12
555,5
556,12
557,12
558,5
559,12
560,13
561,12
562,5
563,12
564,13
565,12
566,5
567,13
568,12
569,12
570,5
571,5
572,4
573,12
574,13
575,12
576,12
577,5
578,5
579,13
580,12
581,5
582,12
583,5
584,13
585,12
586,12
587,5
588,5
589,12
590,13
591,12
592,12
593,13
594,12
595,5
596,12
597,5
598,12
599,13
600,5
601,13
602,5
603,12
604,12
605,13
606,5
607,12
608,12
609,5
610,5
611,13
612,5
613,13
614,12
615,5
616,12
617,12
618,13
619,12
620,12
621,5
622,5
623,12
624,12
625,12
626,13
627,13
628,12
629,13
630,13
631,12
632,13
633,5
634,13
635,13
636,5
637,12
638,13
639,5
640,12
641,13
642,13
643,5
644,12
645,12
646,12
647,12
648,12
649,13
650,5
651,13
652,13
653,5
654,13
655,12
656,5
657,13
658,5
659,13
660,13
661,13
662,12
663,5
664,5
665,12
666,13
667,12
668,12
669,12
670,12
671,13
672,13
673,5
674,5
675,5
676,5
677,12
678,13
679,4
680,12
681,12
682,5
683,13
684,12
685,13
686,12
687,5
688,5
689,5
690,12
691,12
692,12
693,5
694,12
695,5
696,5
697,12
698,13
699,5
700,13
701,5
702,12
703,13
704,5
705,12
706,5
707,12
708,12
709,12
710,5
711,13
712,5
713,12
714,13
715,13
716,13
717,12
718,12
719,5
720,13
721,5
722,12
723,12
724,5
725,13
726,13
727,5
728,13
729,5
730,5
731,5
732,5
733,13
734,12
735,12
736,12
737,13
738,5
739,12
740,5
741,13
742,12
743,13
744,13
745,12
746,13
747,5
748,5
749,12
750,5
751,5
752,5
753,12
754,12
755,12
756,13
757,5
758,5
759,13
760,5
761,12
762,5
763,13
764,13
765,12
766,5
767,5
768,5
769,13
770,13
771,12
772,13
773,13
774,12
775,5
776,13
777,12
778,5
779,5
780,12
781,12
782,13
783,5
784,13
785,13
786,5
787,12
788,13
789,5
790,5
791,12
792,12
793,12
794,13
795,12
796,5
797,12
798,5
799,12
800,12
801,12
802,5
803,13
804,13
805,13
806,13
807,12
808,12
809,12
810,5
811,5
812,5
813,13
814,5
815,12
816,12
817,13
818,5
819,5
820,12
821,5
822,12
823,12
824,12
825,13
826,13
827,12
828,12
829,5
830,12
831,12
832,12
833,13
834,12
835,13
836,12
837,12
838,13
839,12
840,13
841,12
842,13
843,5
844,12
845,13
846,5
847,13
848,12
849,12
850,12
851,5
852,13
853,12
854,5
855,5
856,13
857,13
858,13
859,13
860,5
861,12
862,5
863,5
864,12
865,13
866,5
867,12
868,13
869,12
870,5
871,5
872,5
873,5
874,12
875,5
876,12
877,5
878,12
879,5
880,13
881,13
882,12
883,13
884,12
885,13
886,12
887,5
888,5
889,5
890,12
891,5
892,5
893,13
894,5
895,12
896,13
897,13
898,5
899,5
900,13
901,5
902,13
903,13
904,5
905,5
906,5
907,12
908,12
909,12
910,12
911,13
912,5
913,13
914,13
915,12
916,12
917,13
918,12
919,12
920,12
921,5
922,13
923,13
924,13
925,12
926,12
927,13
928,13
929,5
930,12
931,13
932,12
933,5
934,5
935,13
936,5
937,12
938,13
939,5
940,5
941,13
942,13
943,5
944,13
945,5
946,12
947,13
948,12
949,13
950,12
951,13
952,13
953,12
954,5
955,12
956,13
957,5
958,5
959,5
960,12
961,13
962,12
963,13
964,5
965,5
966,5
967,12
968,13
969,13
970,12
971,12
972,12
973,13
974,5
975,13
976,13
977,12
978,5
979,13
980,5
981,13
982,12
983,12
984,12
985,5
986,5
987,5
988,13
989,12
990,5
991,5
992,13
993,13
994,12
995,5
996,12
997,5
998,5
999,12
1000,12
1001,5
1002,12
1003,5
1004,5
1005,13
1006,12
1007,12
1008,12
1009,12
1010,12
1011,5
1012,13
1013,12
1014,13
1015,5
1016,5
1017,13
1018,5
1019,13
1020,13
1021,5
1022,13
1023,5
1024,13
1025,5
1026,5
1027,5
1028,13
1029,13
1030,13
1031,12
1032,13
1033,13
1034,12
1035,12
1036,5
1037,5
1038,12
1039,12
1040,13
1041,13
1042,13
1043,13
1044,5
1045,5
1046,5
1047,5
1048,5
1049,5
1050,12
1051,5
1052,13
1053,12
1054,13
1055,5
1056,5
1057,5
1058,5
1059,5
1060,5
1061,13
1062,13
1063,12
1064,12
1065,13
1066,13
1067,12
1068,12
1069,5
1070,13
1071,12
1072,12
1073,5
1074,13
1075,13
1076,5
1077,12
1078,12
1079,5
1080,5
1081,5
1082,5
1083,5
1084,5
1085,5
1086,12
1087,13
1088,4
1089,5
1090,12
1091,5
1092,12
1093,5
1094,12
1095,12
1096,5
1097,12
1098,12
1099,12
1100,5
1101,13
1102,5
1103,12
1104,5
1105,12
1106,13
1107,13
1108,13
1109,12
1110,13
1111,5
1112,12
1113,12
1114,12
1115,5
1116,5
1117,5
1118,5
1119,12
1120,5
1121,5
1122,13
1123,12
1124,13
1125,12
1126,13
1127,13
1128,13
1129,5
1130,5
1131,5
1132,12
1133,5
1134,5
1135,5
1136,5
1137,5
1138,13
1139,5
1140,5
1141,5
1142,13
1143,12
1144,12
1145,13
1146,13
1147,12
1148,5
1149,13
1150,12
1151,13
1152,5
1153,5
1154,12
1155,12
1156,13
1157,12
1158,13
1159,12
1160,13
1161,4
1162,12
1163,12
1164,13
1165,5
1166,5
1167,13
1168,12
1169,12
1170,13
1171,13
1172,13
1173,13
1174,5
1175,5
1176,12
1177,5
1178,13
1179,12
1180,12
1181,13
1182,13
1183,5
1184,12
1185,13
1186,12
1187,12
1188,5
1189,5
1190,12
1191,5
1192,12
1193,5
1194,5
1195,5
1196,13
1197,12
1198,5
1199,12
1200,5
1201,5
1202,5
1203,5
1204,5
1205,13
1206,12
1207,12
1208,13
1209,5
1210,12
1211,12
1212,12
1213,13
1214,5
1215,13
1216,13
1217,5
1218,5
1219,12
1220,12
1221,12
1222,13
1223,12
1224,13
1225,13
1226,13
1227,12
1228,5
1229,12
1230,13
1231,5
1232,13
1233,13
1234,13
1235,12
1236,5
1237,5
1238,12
1239,13
1240,5
1241,13
1242,12
1243,13
1244,12
1245,12
1246,12
1247,5
1248,12
1249,12
1250,12
1251,12
1252,5
1253,13
1254,5
1255,12
1256,13
1257,12
1258,5
1259,5
1260,12
1261,5
1262,13
1263,13
1264,12
1265,12
1266,5
1267,5
1268,5
1269,12
1270,5
1271,13
1272,5
1273,13
1274,12
1275,12
1276,12
1277,12
1278,12
1279,13
1280,12
1281,12
1282,5
1283,5
1284,13
1285,12
1286,13
1287,12
1288,5
1289,13
1290,13
1291,13
1292,5
1293,12
1294,12
1295,5
1296,12
1297,13
1298,12
1299,12
1300,5
1301,12
1302,13
1303,13
1304,12
1305,5
1306,5
1307,13
1308,5
1309,5
1310,12
1311,5
1312,12
1313,13
1314,5
1315,13
1316,13
1317,12
1318,4
1319,13
1320,12
1321,12
1322,12
1323,13
1324,13
1325,12
1326,5
1327,13
1328,5
1329,12
1330,5
1331,12
1332,12
1333,13
1334,13
1335,12
1336,5
1337,12
1338,12
1339,5
1340,12
1341,5
1342,5
1343,5
1344,13
1345,13
1346,12
1347,13
1348,5
1349,12
1350,5
1351,5
1352,12
1353,12
1354,12
1355,5
1356,12
1357,13
1358,5
1359,5
1360,13
1361,5
1362,13
1363,5
1364,13
1365,5
1366,12
1367,13
1368,12
1369,12
1370,13
1371,12
1372,12
1373,12
1374,12
1375,12
1376,13
1377,13
1378,12
1379,5
1380,12
1381,5
1382,5
1383,12
1384,5
1385,5
1386,12
1387,12
1388,5
1389,12
1390,12
1391,12
1392,12
1393,13
1394,12
1395,12
1396,12
1397,12
1398,13
1399,12
1400,13
1401,13
1402,13
1403,13
1404,13
1405,12
1406,5
1407,12
1408,12
1409,13
1410,12
1411,13
1412,5
1413,5
1414,13
1415,5
1416,13
1417,5
1418,12
1419,13
1420,5
1421,12
1422,12
1423,5
1424,5
1425,12
1426,13
1427,12
1428,12
1429,13
1430,12
1431,12
1432,13
1433,5
1434,12
1435,5
1436,5
1437,5
1438,12
1439,12
1440,12
1441,12
1442,13
1443,5
1444,5
1445,12
1446,12
1447,13
1448,13
1449,13
1450,13
1451,12
1452,5
1453,13
1454,13
1455,12
1456,12
1457,12
1458,13
1459,13
1460,5
1461,12
1462,5
1463,12
1464,12
1465,5
1466,5
1467,5
1468,12
1469,13
1470,13
1471,13
1472,5
1473,5
1474,5
1475,12
1476,12
1477,5
1478,12
1479,5
1480,12
1481,13
1482,12
1483,5
1484,5
1485,13
1486,13
1487,12
1488,13
1489,5
1490,13
1491,13
1492,12
1493,12
1494,5
1495,12
1496,12
1497,12
1498,5
1499,13
1500,13
1501,5
1502,5
1503,5
1504,5
1505,5
1506,13
1507,5
1508,5
1509,12
1510,5
1511,12
1512,12
1513,13
1514,5
1515,13
1516,13
1517,13
1518,5
1519,13
1520,13
1521,12
1522,5
1523,12
1524,12
1525,12
1526,13
1527,4
1528,12
1529,5
1530,5
1531,13
1532,5
1533,12
1534,12
1535,12
1536,12
1537,13
1538,13
1539,5
1540,12
1541,12
1542,12
1543,5
1544,12
1545,13
1546,13
1547,13
1548,12
1549,12
1550,5
1551,5
1552,5
1553,13
1554,12
1555,12
1556,5
1557,5
1558,5
1559,13
1560,12
1561,5
1562,12
1563,13
1564,5
1565,5
1566,12
1567,5
1568,12
1569,12
1570,5
1571,13
1572,13
1573,13
1574,12
1575,13
1576,5
1577,13
1578,13
1579,13
1580,5
1581,5
1582,12
1583,13
1584,13
1585,13
1586,12
1587,13
1588,12
1589,5
1590,13
1591,5
1592,12
1593,12
1594,12
1595,12
1596,12
1597,13
1598,13
1599,13
1600,5
1601,5
1602,13
1603,13
1604,5
1605,5
1606,13
1607,13
1608,13
1609,13
1610,12
1611,5
1612,13
1613,12
1614,5
1615,5
1616,5
1617,5
1618,13
1619,5
1620,12
1621,13
1622,12
1623,5
1624,5
1625,5
1626,12
1627,12
1628,13
1629,13
1630,12
1631,12
1632,12
1633,5
1634,13
1635,5
1636,12
1637,12
1638,5
1639,12
1640,12
1641,12
1642,13
1643,13
1644,13
1645,13
1646,12
1647,5
1648,13
1649,12
1650,12
1651,13
1652,13
1653,13
1654,12
1655,13
1656,5
1657,13
1658,12
1659,5
1660,5
1661,12
1662,13
1663,12
1664,12
1665,12
1666,13
1667,13
1668,13
1669,13
1670,13
1671,13
1672,12
1673,5
1674,13
1675,5
1676,5
1677,12
1678,12
1679,13
1680,5
1681,12
1682,13
1683,5
1684,12
1685,12
1686,12
1687,5
1688,12
1689,13
1690,13
1691,13
1692,13
1693,5
1694,13
1695,5
1696,5
1697,12
1698,12
1699,5
1700,12
1701,12
1702,5
1703,5
1704,5
1705,12
1706,5
1707,5
1708,13
1709,12
1710,13
1711,13
1712,12
1713,13
1714,12
1715,5
1716,13
1717,12
1718,13
1719,13
1720,5
1721,5
1722,12
1723,5
1724,13
1725,12
1726,5
1727,12
1728,12
1729,5
1730,12
1731,13
1732,13
1733,13
1734,5
1735,13
1736,13
1737,5
1738,12
1739,13
1740,12
1741,5
1742,13
1743,5
1744,5
1745,12
1746,12
1747,5
1748,5
1749,13
1750,13
1751,12
1752,5
1753,5
1754,5
1755,12
1756,12
1757,13
1758,13
1759,5
1760,5
1761,12
1762,13
1763,5
1764,5
1765,5
1766,5
1767,13
1768,5
1769,13
1770,5
1771,5
1772,12
1773,12
1774,5
1775,12
1776,13
1777,12
1778,5
1779,12
1780,5
1781,5
1782,13
1783,5
1784,5
1785,13
1786,5
1787,12
1788,13
1789,12
1790,12
1791,13
1792,13
1793,5
1794,5
1795,13
1796,13
1797,12
1798,13
1799,13
1800,13
1801,5
1802,13
1803,12
1804,5
1805,13
1806,12
1807,5
1808,12
1809,12
1810,12
1811,12
1812,12
1813,12
1814,13
1815,13
1816,13
1817,5
1818,12
1819,5
1820,13
1821,13
1822,12
1823,12
1824,12
1825,12
1826,13
1827,13
1828,13
1829,5
1830,13
1831,13
1832,13
1833,5
1834,13
1835,12
1836,13
1837,5
1838,13
1839,12
1840,5
1841,12
1842,5
1843,12
1844,12
1845,12
1846,13
1847,5
1848,12
1849,12
1850,13
1851,5
1852,13
1853,5
1854,13
1855,13
1856,5
1857,12
1858,13
1859,5
1860,13
1861,12
1862,12
1863,13
1864,5
1865,13
1866,13
1867,5
1868,12
1869,5
1870,5
1871,5
1872,12
1873,13
1874,5
1875,13
1876,12
1877,5
1878,13
1879,12
1880,12
1881,13
1882,12
1883,13
1884,5
1885,5
1886,5
1887,13
1888,12
1889,12
1890,5
1891,12
1892,12
1893,13
1894,13
1895,5
1896,12
1897,13
1898,12
1899,12
1900,5
1901,5
1902,13
1903,12
1904,5
1905,5
1906,12
1907,13
1908,12
1909,5
1910,12
1911,5
1912,5
1913,5
1914,5
1915,12
1916,5
1917,13
1918,12
1919,13
1920,12
1921,5
1922,13
1923,13
1924,12
1925,12
1926,12
1927,5
1928,13
1929,12
1930,12
1931,12
1932,13
1933,12
1934,13
1935,12
1936,13
1937,5
1938,5
1939,5
1940,13
1941,5
1942,12
1943,5
1944,12
1945,5
1946,12
1947,5
1948,13
1949,13
1950,5
1951,12
1952,12
1953,12
1954,13
1955,5
1956,12
1957,5
1958,13
1959,5
1960,13
1961,5
1962,12
1963,5
1964,12
1965,5
1966,5
1967,12
1968,5
1969,12
1970,12
1971,5
1972,12
1973,13
1974,12
1975,12
1976,5
1977,13
1978,12
1979,13
1980,12
1981,13
1982,5
1983,12
1984,13
1985,13
1986,12
1987,12
1988,12
1989,5
1990,12
1991,5
1992,5
1993,5
1994,12
1995,12
1996,12
1997,12
1998,5
1999,12
2000,12
2001,5
2002,12
2003,5
2004,12
2005,5
2006,13
2007,13
2008,5
2009,13
2010,13
2011,13
2012,13
2013,5
2014,5
2015,12
2016,12
2017,12
2018,13
2019,12
2020,5
2021,12
2022,13
2023,12
2024,13
2025,12
2026,13
2027,13
2028,4
2029,13
2030,13
2031,12
2032,12
2033,13
2034,13
2035,5
2036,13
2037,5
2038,13
2039,13
2040,5
2041,13
2042,13
2043,5
2044,13
2045,13
2046,12
2047,12
2048,12
2049,12
2050,12
2051,5
2052,13
2053,12
2054,12
2055,5
2056,5
2057,13
2058,12
2059,5
2060,12
2061,13
2062,12
2063,5
2064,13
2065,13
2066,13
2067,12
2068,5
2069,13
2070,5
2071,12
2072,13
2073,13
2074,5
2075,12
2076,12
2077,13
2078,5
2079,5
2080,12
2081,13
2082,13
2083,5
2084,13
2085,5
2086,13
2087,13
2088,12
2089,12
2090,13
2091,12
2092,5
2093,12
2094,5
2095,13
2096,5
2097,12
2098,5
2099,13
2100,5
2101,13
2102,13
2103,5
2104,13
2105,12
2106,12
2107,12
2108,12
2109,13
2110,12
2111,13
2112,12
2113,5
2114,5
2115,13
2116,13
2117,5
2118,13
2119,13
2120,13
2121,13
2122,12
2123,12
2124,5
2125,12
2126,5
2127,13
2128,5
2129,5
2130,5
2131,13
2132,13
2133,5
2134,12
2135,5
2136,5
2137,13
2138,5
2139,5
2140,5
2141,5
2142,5
2143,5
2144,13
2145,12
2146,12
2147,13
2148,13
2149,13
2150,5
2151,13
2152,5
2153,13
2154,5
2155,13
2156,13
2157,13
2158,12
2159,13
2160,12
2161,13
2162,5
2163,5
2164,12
2165,5
2166,13
2167,5
2168,4
2169,13
2170,13
2171,13
2172,5
2173,12
2174,5
2175,13
2176,12
2177,5
2178,5
2179,12
2180,12
2181,5
2182,13
2183,5
2184,13
2185,12
2186,12
2187,13
2188,5
2189,12
2190,13
2191,12
2192,12
2193,4
2194,12
2195,5
2196,12
2197,12
2198,13
2199,5
2200,12
2201,13
2202,5
2203,12
2204,13
2205,5
2206,12
2207,13
2208,13
2209,5
2210,13
2211,5
2212,5
2213,5
2214,5
2215,12
2216,5
2217,12
2218,5
2219,5
2220,12
2221,12
2222,5
2223,12
2224,13
2225,5
2226,12
2227,13
2228,12
2229,12
2230,5
2231,5
2232,13
2233,13
2234,5
2235,5
2236,5
2237,13
2238,12
2239,12
2240,5
2241,4
2242,13
2243,12
2244,12
2245,12
2246,13
2247,13
2248,13
2249,12
2250,12
2251,5
2252,12
2253,5
2254,13
2255,13
2256,13
2257,12
2258,5
2259,5
2260,12
2261,12
2262,12
2263,13
2264,12
2265,5
2266,13
2267,12
2268,13
2269,13
2270,5
2271,12
2272,5
2273,13
2274,5
2275,13
2276,13
2277,5
2278,13
2279,13
2280,5
2281,13
2282,12
2283,12
2284,12
2285,5
2286,5
2287,13
2288,13
2289,5
2290,13
2291,12
2292,12
2293,13
2294,5
2295,12
2296,5
2297,13
2298,13
2299,13
2300,13
2301,5
2302,12
2303,5
2304,12
2305,12
2306,5
2307,13
2308,12
2309,12
2310,12
2311,5
2312,5
2313,5
2314,12
2315,12
2316,5
2317,12
2318,13
2319,13
2320,12
2321,13
2322,13
2323,12
2324,12
2325,13
2326,4
2327,13
2328,5
2329,12
2330,5
2331,5
2332,5
2333,13
2334,12
2335,5
2336,13
2337,13
2338,5
2339,12
2340,5
2341,5
2342,12
2343,13
2344,12
2345,5
2346,5
2347,12
2348,12
2349,5
2350,12
2351,12
2352,12
2353,5
2354,5
2355,5
2356,12
2357,5
2358,5
2359,5
2360,13
2361,5
2362,5
2363,12
2364,5
2365,5
2366,5
2367,5
2368,13
2369,5
2370,12
2371,12
2372,13
2373,12
2374,5
2375,13
2376,12
2377,12
2378,13
2379,5
2380,12
2381,12
2382,13
2383,12
2384,12
2385,5
2386,13
2387,12
2388,5
2389,12
2390,13
2391,5
2392,12
2393,12
2394,5
2395,5
2396,12
2397,5
2398,5
2399,13
2400,13
2401,12
2402,12
2403,12
2404,12
2405,13
2406,12
2407,12
2408,12
2409,13
2410,12
2411,12
2412,5
2413,5
2414,5
2415,5
2416,12
2417,13
2418,5
2419,5
2420,12
2421,12
2422,5
2423,13
2424,12
2425,12
2426,5
2427,13
2428,13
2429,12
2430,5
2431,5
2432,13
2433,13
2434,12
2435,12
2436,5
2437,5
2438,13
2439,12
2440,12
2441,13
2442,5
2443,13
2444,5
2445,12
2446,13
2447,12
2448,12
2449,12
2450,5
2451,13
2452,12
2453,12
2454,5
2455,12
2456,5
2457,5
2458,12
2459,5
2460,5
2461,5
2462,5
2463,12
2464,12
2465,13
2466,12
2467,5
2468,5
2469,12
2470,12
2471,12
2472,13
2473,13
2474,5
2475,13
2476,12
2477,12
2478,12
2479,5
2480,5
2481,13
2482,12
2483,5
2484,12
2485,13
2486,12
2487,13
2488,12
2489,5
2490,13
2491,12
2492,13
2493,12
2494,5
2495,13
2496,13
2497,5
2498,13
2499,12
2500,5
2501,13
2502,12
2503,12
2504,13
2505,5
2506,12
2507,12
2508,5
2509,5
2510,12
2511,13
2512,5
2513,12
2514,5
2515,12
2516,5
2517,5
2518,13
2519,12
2520,12
2521,12
2522,13
2523,5
2524,5
2525,5
2526,5
2527,12
2528,12
2529,13
2530,13
2531,5
2532,5
2533,5
2534,12
2535,12
2536,13
2537,5
2538,12
2539,13
2540,13
2541,13
2542,12
2543,13
2544,13
2545,5
2546,12
2547,13
2548,5
2549,12
2550,13
2551,13
2552,13
2553,12
2554,13
2555,12
2556,12
2557,13
2558,5
2559,12
2560,12
2561,12
2562,13
2563,5
2564,12
2565,5
2566,5
2567,12
2568,12
2569,12
2570,13
2571,5
2572,13
2573,13
2574,12
2575,12
2576,12
2577,13
2578,5
2579,13
2580,5
2581,12
2582,5
2583,5
2584,5
2585,5
2586,12
2587,5
2588,13
2589,12
2590,12
2591,12
2592,5
2593,5
2594,5
2595,12
2596,13
2597,5
2598,5
2599,5
2600,12
2601,5
2602,13
2603,13
2604,13
2605,5
2606,12
2607,13
2608,12
2609,13
2610,12
2611,13
2612,5
2613,5
2614,5
2615,5
2616,5
2617,5
2618,5
2619,13
2620,5
2621,5
2622,13
2623,5
2624,13
2625,5
2626,5
2627,12
2628,13
2629,12
2630,13
2631,5
2632,12
2633,5
2634,12
2635,13
2636,12
2637,13
2638,12
2639,12
2640,5
2641,13
2642,5
2643,12
2644,5
2645,5
2646,12
2647,13
2648,12
2649,5
2650,13
2651,5
2652,12
2653,12
2654,5
2655,12
2656,5
2657,5
2658,5
2659,13
2660,12
2661,13
2662,12
2663,13
2664,13
2665,5
2666,13
2667,5
2668,5
2669,12
2670,12
2671,13
2672,12
2673,12
2674,13
2675,12
2676,12
2677,13
2678,13
2679,12
2680,13
2681,5
2682,5
2683,5
2684,5
2685,12
2686,12
2687,5
2688,12
2689,5
2690,12
2691,12
2692,13
2693,13
2694,13
2695,13
2696,5
2697,12
2698,12
2699,12
2700,13
2701,12
2702,13
2703,12
2704,12
2705,13
2706,5
2707,5
2708,13
2709,12
2710,12
2711,13
2712,13
2713,12
2714,13
2715,5
2716,13
2717,13
2718,5
2719,12
2720,12
2721,13
2722,5
2723,12
2724,13
2725,12
2726,13
2727,13
2728,5
2729,12
2730,12
2731,12
2732,12
2733,5
2734,5
2735,5
2736,12
2737,12
2738,5
2739,13
2740,5
2741,12
2742,5
2743,5
2744,13
2745,12
2746,5
2747,12
2748,13
2749,5
2750,5
2751,13
2752,12
2753,12
2754,12
2755,5
2756,5
2757,12
2758,13
2759,13
2760,12
2761,13
2762,13
2763,5
2764,5
2765,13
2766,12
2767,13
2768,12
2769,5
2770,13
2771,12
2772,5
2773,13
2774,12
2775,13
2776,5
2777,13
2778,5
2779,5
2780,12
2781,5
2782,5
2783,5
2784,5
2785,13
2786,5
2787,12
2788,13
2789,12
2790,5
2791,5
2792,13
2793,5
2794,12
2795,12
2796,12
2797,5
2798,12
2799,5
2800,12
2801,13
2802,12
2803,13
2804,5
2805,12
2806,13
2807,5
2808,12
2809,12
2810,12
2811,5
2812,5
2813,13
2814,5
2815,5
2816,12
2817,13
2818,13
2819,12
2820,12
2821,13
2822,5
2823,12
2824,13
2825,5
2826,5
2827,13
2828,5
2829,13
2830,12
2831,5
2832,12
2833,13
2834,13
2835,13
2836,13
2837,12
2838,5
2839,12
2840,12
2841,12
2842,13
2843,12
2844,5
2845,5
2846,12
2847,12
2848,12
2849,12
2850,12
2851,5
2852,12
2853,13
2854,13
2855,12
2856,5
2857,12
2858,13
2859,13
2860,12
2861,13
2862,5
2863,5
2864,12
2865,13
2866,5
2867,13
2868,13
2869,5
2870,12
2871,12
2872,5
2873,13
2874,12
2875,12
2876,13
2877,12
2878,12
2879,13
2880,13
2881,5
2882,5
2883,5
2884,13
2885,13
2886,13
2887,13
2888,13
2889,12
2890,13
2891,12
2892,13
2893,12
2894,13
2895,13
2896,12
2897,12
2898,12
2899,5
2900,4
2901,12
2902,5
2903,13
2904,12
2905,13
2906,12
2907,5
2908,13
2909,13
2910,13
2911,13
2912,12
2913,5
2914,12
2915,12
2916,12
2917,13
2918,5
2919,13
2920,12
2921,12
2922,13
2923,12
2924,13
2925,5
2926,13
2927,5
2928,13
2929,12
2930,5
2931,13
2932,12
2933,13
2934,5
2935,12
2936,5
2937,13
2938,12
2939,12
2940,5
2941,12
2942,13
2943,13
2944,13
2945,12
2946,12
2947,13
2948,12
2949,5
2950,12
2951,13
2952,12
2953,5
2954,12
2955,5
2956,13
2957,5
2958,13
2959,12
2960,12
2961,5
2962,5
2963,13
2964,13
2965,13
2966,12
2967,12
2968,5
2969,5
2970,12
2971,13
2972,5
2973,5
2974,5
2975,5
2976,5
2977,5
2978,5
2979,13
2980,5
2981,5
2982,12
2983,5
2984,12
2985,5
2986,12
2987,12
2988,12
2989,5
2990,5
2991,12
2992,5
2993,5
2994,13
2995,12
2996,13
2997,13
2998,5
2999,5
3000,12
3001,13
3002,5
3003,12
3004,12
3005,12
3006,5
3007,13
3008,13
3009,12
3010,5
3011,5
3012,13
3013,5
3014,5
3015,12
3016,13
3017,5
3018,12
3019,12
3020,12
3021,12
3022,13
3023,12
3024,5
3025,12
3026,12
3027,12
3028,12
3029,13
3030,13
3031,12
3032,5
3033,12
3034,5
3035,13
3036,5
3037,12
3038,5
3039,12
3040,12
3041,13
3042,13
3043,5
3044,5
3045,5
3046,12
3047,12
3048,13
3049,4
3050,13
3051,5
3052,5
3053,5
3054,12
3055,13
3056,12
3057,13
3058,13
3059,12
3060,12
3061,13
3062,5
3063,12
3064,12
3065,12
3066,13
3067,13
3068,5
3069,5
3070,13
3071,13
3072,12
3073,12
3074,5
3075,5
3076,5
3077,13
3078,13
3079,5
3080,5
3081,5
3082,12
3083,12
3084,13
3085,5
3086,5
3087,12
3088,12
3089,13
3090,13
3091,13
3092,5
3093,12
3094,12
3095,12
3096,5
3097,5
3098,5
3099,12
3100,13
3101,5
3102,12
3103,13
3104,13
3105,5
3106,13
3107,13
3108,5
3109,13
3110,12
3111,13
3112,5
3113,5
3114,12
3115,13
3116,12
3117,13
3118,12
3119,13
3120,13
3121,13
3122,5
3123,13
3124,5
3125,13
3126,5
3127,12
3128,12
3129,5
3130,5
3131,12
3132,12
3133,5
3134,13
3135,13
3136,5
3137,5
3138,13
3139,5
3140,13
3141,5
3142,5
3143,5
3144,13
3145,13
3146,12
3147,13
3148,5
3149,12
3150,5
3151,5
3152,12
3153,5
3154,13
3155,13
3156,12
3157,12
3158,12
3159,13
3160,5
3161,5
3162,13
3163,12
3164,12
3165,12
3166,5
3167,13
3168,12
3169,5
3170,5
3171,12
3172,13
3173,5
3174,13
3175,12
3176,12
3177,5
3178,5
3179,5
3180,13
3181,12
3182,5
3183,13
3184,13
3185,13
3186,12
3187,13
3188,5
3189,13
3190,5
3191,13
3192,12
3193,13
3194,13
3195,12
3196,12
3197,5
3198,13
3199,12
3200,12
3201,13
3202,5
3203,5
3204,12
3205,12
3206,13
3207,13
3208,5
3209,5
3210,12
3211,13
3212,13
3213,5
3214,5
3215,13
3216,13
3217,12
3218,13
3219,13
3220,12
3221,13
3222,5
3223,12
3224,12
3225,5
3226,13
3227,13
3228,5
3229,5
3230,12
3231,12
3232,5
3233,12
3234,5
3235,5
3236,5
3237,12
3238,13
3239,5
3240,12
3241,5
3242,12
3243,5
3244,5
3245,13
3246,13
3247,5
3248,12
3249,5
3250,12
3251,5
3252,12
3253,13
3254,5
3255,12
3256,13
3257,5
3258,5
3259,12
3260,13
3261,12
3262,5
3263,12
3264,5
3265,13
3266,5
3267,13
3268,13
3269,13
3270,13
3271,13
3272,12
3273,13
3274,12
3275,5
3276,13
3277,12
3278,12
3279,13
3280,12
3281,13
3282,12
3283,12
3284,5
3285,12
3286,13
3287,12
3288,13
3289,13
3290,13
3291,13
3292,12
3293,12
3294,5
3295,5
3296,12
3297,13
3298,5
3299,12
3300,13
3301,13
3302,13
3303,12
3304,12
3305,5
3306,12
3307,13
3308,12
3309,5
3310,12
3311,13
3312,5
3313,12
3314,12
3315,5
3316,13
3317,5
3318,12
3319,5
3320,12
3321,13
3322,5
3323,13
3324,13
3325,13
3326,5
3327,12
3328,12
3329,12
3330,12
3331,13
3332,13
3333,13
3334,12
3335,13
3336,13
3337,12
3338,12
3339,12
3340,13
3341,12
3342,12
3343,12
3344,5
3345,5
3346,13
3347,13
3348,12
3349,12
3350,13
3351,12
3352,13
3353,12
3354,13
3355,13
3356,5
3357,12
3358,12
3359,12
3360,5
3361,13
3362,12
3363,5
3364,5
3365,13
3366,12
3367,13
3368,13
3369,5
3370,5
3371,5
3372,5
3373,13
3374,5
3375,13
3376,12
3377,13
3378,12
3379,5
3380,12
3381,12
3382,5
3383,12
3384,5
3385,13
3386,13
3387,5
3388,5
3389,5
3390,13
3391,13
3392,13
3393,5
3394,12
3395,5
3396,13
3397,5
3398,13
3399,13
3400,12
3401,12
3402,5
3403,12
3404,12
3405,5
3406,12
3407,12
3408,13
3409,12
3410,5
3411,12
3412,12
3413,13
3414,12
3415,13
3416,5
3417,13
3418,5
3419,5
3420,12
3421,5
3422,12
3423,12
3424,12
3425,13
3426,5
3427,12
3428,13
3429,12
3430,13
3431,12
3432,12
3433,12
3434,12
3435,12
3436,12
3437,5
3438,13
3439,13
3440,13
3441,12
3442,5
3443,5
3444,13
3445,12
3446,5
3447,13
3448,12
3449,5
3450,5
3451,12
3452,12
3453,12
3454,13
3455,5
3456,5
3457,5
3458,12
3459,12
3460,13
3461,13
3462,12
3463,5
3464,5
3465,5
3466,13
3467,12
3468,12
3469,5
3470,12
3471,5
3472,12
3473,13
3474,5
3475,13
3476,5
3477,5
3478,12
3479,13
3480,12
3481,5
3482,12
3483,5
3484,12
3485,13
3486,13
3487,13
3488,13
3489,12
3490,13
3491,5
3492,12
3493,5
3494,12
3495,12
3496,12
3497,12
3498,13
3499,12
3500,12
3501,12
3502,12
3503,12
3504,13
3505,5
3506,12
3507,13
3508,12
3509,12
3510,12
3511,13
3512,12
3513,12
3514,13
3515,5
3516,12
3517,5
3518,12
3519,13
3520,12
3521,12
3522,12
3523,13
3524,13
3525,13
3526,5
3527,13
3528,13
3529,12
3530,13
3531,5
3532,5
3533,13
3534,5
3535,12
3536,12
3537,12
3538,12
3539,5
3540,12
3541,5
3542,12
3543,5
3544,12
3545,13
3546,12
3547,5
3548,5
3549,13
3550,12
3551,13
3552,12
3553,5
3554,5
3555,5
3556,13
3557,13
3558,13
3559,5
3560,13
3561,13
3562,12
3563,5
3564,12
3565,5
3566,13
3567,5
3568,5
3569,13
3570,13
3571,13
3572,13
3573,12
3574,12
3575,12
3576,12
3577,12
3578,13
3579,5
3580,13
3581,12
3582,12
3583,13
3584,5
3585,5
3586,12
3587,13
3588,12
3589,12
3590,12
3591,5
3592,12
3593,5
3594,5
3595,13
3596,5
3597,12
3598,5
3599,5
3600,12
3601,13
3602,13
3603,5
3604,12
3605,13
3606,13
3607,12
3608,12
3609,12
3610,12
3611,13
3612,5
3613,12
3614,13
3615,5
3616,13
3617,13
3618,13
3619,5
3620,13
3621,12
3622,12
3623,5
3624,12
3625,12
3626,13
3627,5
3628,12
3629,13
3630,13
3631,5
3632,12
3633,5
3634,12
3635,5
3636,12
3637,5
3638,12
3639,13
3640,13
3641,13
3642,13
3643,13
3644,13
3645,13
3646,13
3647,12
3648,5
3649,12
3650,13
3651,13
3652,12
3653,12
3654,12
3655,12
3656,13
3657,12
3658,5
3659,5
3660,13
3661,5
3662,12
3663,4
3664,12
3665,13
3666,12
3667,5
3668,5
3669,12
3670,12
3671,5
3672,5
3673,13
3674,13
3675,13
3676,5
3677,13
3678,5
3679,5
3680,12
3681,12
3682,13
3683,5
3684,12
3685,13
3686,5
3687,5
3688,5
3689,5
3690,13
3691,13
3692,5
3693,13
3694,12
3695,12
3696,5
3697,12
3698,12
3699,5
3700,5
3701,12
3702,12
3703,5
3704,5
3705,12
3706,13
3707,13
3708,12
3709,5
3710,12
3711,5
3712,13
3713,5
3714,5
3715,5
3716,13
3717,13
3718,5
3719,13
3720,5
3721,5
3722,12
3723,5
3724,13
3725,12
3726,12
3727,12
3728,5
3729,12
3730,5
3731,13
3732,12
3733,5
3734,13
3735,12
3736,12
3737,13
3738,12
3739,12
3740,12
3741,5
3742,13
3743,13
3744,12
3745,12
3746,12
3747,12
3748,12
3749,5
3750,12
3751,12
3752,12
3753,13
3754,13
3755,12
3756,12
3757,12
3758,13
3759,12
3760,13
3761,12
3762,5
3763,13
3764,5
3765,5
3766,12
3767,13
3768,13
3769,13
3770,13
3771,12
3772,12
3773,12
3774,12
3775,12
3776,5
3777,13
3778,12
3779,13
3780,13
3781,5
3782,5
3783,13
3784,13
3785,13
3786,13
3787,5
3788,13
3789,5
3790,13
3791,12
3792,12
3793,12
3794,5
3795,5
3796,5
3797,5
3798,12
3799,12
3800,5
3801,5
3802,13
3803,13
3804,5
3805,12
3806,12
3807,12
3808,13
3809,13
3810,5
3811,13
3812,5
3813,12
3814,12
3815,5
3816,12
3817,13
3818,12
3819,13
3820,5
3821,13
3822,13
3823,4
3824,12
3825,5
3826,13
3827,13
3828,13
3829,13
3830,12
3831,13
3832,13
3833,13
3834,5
3835,13
3836,12
3837,5
3838,5
3839,13
3840,5
3841,13
3842,5
3843,12
3844,12
3845,13
3846,12
3847,13
3848,12
3849,5
3850,12
3851,12
3852,5
3853,5
3854,12
3855,5
3856,12
3857,12
3858,13
3859,5
3860,12
3861,5
3862,12
3863,12
3864,12
3865,13
3866,13
3867,5
3868,13
3869,5
3870,13
3871,12
3872,12
3873,5
3874,13
3875,12
3876,13
3877,5
3878,13
3879,5
3880,5
3881,12
3882,5
3883,12
3884,12
3885,12
3886,5
3887,12
3888,5
3889,12
3890,5
3891,12
3892,13
3893,13
3894,12
3895,13
3896,12
3897,13
3898,12
3899,5
3900,5
3901,12
3902,13
3903,13
3904,12
3905,12
3906,12
3907,13
3908,13
3909,13
3910,5
3911,5
3912,12
3913,12
3914,5
3915,5
3916,12
3917,13
3918,13
3919,12
3920,5
3921,12
3922,13
3923,12
3924,13
3925,13
3926,5
3927,13
3928,13
3929,5
3930,13
3931,13
3932,12
3933,5
3934,5
3935,12
3936,13
3937,12
3938,12
3939,5
3940,5
3941,13
3942,13
3943,13
3944,13
3945,13
3946,12
3947,12
3948,12
3949,13
3950,5
3951,13
3952,12
3953,13
3954,12
3955,12
3956,13
3957,13
3958,13
3959,5
3960,12
3961,13
3962,13
3963,5
3964,12
3965,12
3966,13
3967,12
3968,5
3969,5
3970,13
3971,13
3972,12
3973,5
3974,12
3975,5
3976,12
3977,5
3978,13
3979,12
3980,12
3981,12
3982,12
3983,13
3984,12
3985,5
3986,5
3987,12
3988,13
3989,12
3990,5
3991,5
3992,5
3993,5
3994,13
3995,13
3996,13
3997,5
3998,12
3999,12
4000,12
4001,5
4002,12
4003,13
4004,5
4005,13
4006,12
4007,12
4008,12
4009,12
4010,5
4011,13
4012,5
4013,12
4014,12
4015,5
4016,5
4017,5
4018,5
4019,12
4020,5
4021,5
4022,13
4023,12
4024,12
4025,13
4026,13
4027,5
4028,12
4029,13
4030,12
4031,12
4032,5
4033,5
4034,13
4035,5
4036,13
4037,12
4038,5
4039,13
4040,5
4041,12
4042,12
4043,13
4044,5
4045,5
4046,13
4047,12
4048,12
4049,5
4050,5
4051,13
4052,12
4053,13
4054,12
4055,13
4056,5
4057,5
4058,5
4059,13
4060,12
4061,13
4062,5
4063,5
4064,12
4065,12
4066,12
4067,5
4068,5
4069,5
4070,12
4071,12
4072,12
4073,13
4074,5
4075,12
4076,13
4077,12
4078,13
4079,12
4080,13
4081,12
4082,13
4083,5
4084,12
4085,5
4086,12
4087,12
4088,5
4089,13
4090,12
4091,13
4092,13
4093,13
4094,13
4095,13
4096,5
4097,5
4098,13
4099,12
4100,5
4101,5
4102,13
4103,5
4104,13
4105,12
4106,12
4107,5
4108,13
4109,5
4110,13
4111,13
4112,12
4113,12
4114,12
4115,13
4116,12
4117,4
4118,13
4119,13
4120,12
4121,12
4122,12
4123,13
4124,5
4125,13
4126,12
4127,12
4128,5
4129,13
4130,12
4131,13
4132,5
4133,5
4134,5
4135,5
4136,13
4137,5
4138,5
4139,13
4140,12
4141,5
4142,12
4143,12
4144,12
4145,12
4146,12
4147,13
4148,12
4149,13
4150,12
4151,5
4152,13
4153,5
4154,12
4155,5
4156,12
4157,12
4158,5
4159,12
4160,13
4161,5
4162,13
4163,12
4164,13
4165,12
4166,5
4167,12
4168,12
4169,13
4170,5
4171,13
4172,12
4173,13
4174,12
4175,13
4176,5
4177,13
4178,5
4179,12
4180,12
4181,5
4182,12
4183,12
4184,5
4185,13
4186,13
4187,5
4188,12
4189,13
4190,13
4191,5
4192,12
4193,13
4194,13
4195,12
4196,5
4197,13
4198,13
4199,12
4200,12
4201,5
4202,5
4203,13
4204,12
4205,5
4206,12
4207,5
4208,12
4209,5
4210,12
4211,5
4212,12
4213,13
4214,12
4215,12
4216,5
4217,5
4218,12
4219,13
4220,13
4221,13
4222,12
4223,13
4224,13
4225,12
4226,12
4227,5
4228,12
4229,5
4230,13
4231,5
4232,12
4233,5
4234,13
4235,5
4236,13
4237,12
4238,5
4239,12
4240,12
4241,13
4242,13
4243,5
4244,12
4245,13
4246,5
4247,13
4248,12
4249,13
4250,13
4251,5
4252,13
4253,12
4254,13
4255,13
4256,12
4257,13
4258,12
4259,5
4260,12
4261,13
4262,12
4263,5
4264,5
4265,12
4266,12
4267,5
4268,12
4269,5
4270,13
4271,12
4272,5
4273,12
4274,12
4275,12
4276,13
4277,12
4278,13
4279,12
4280,5
4281,13
4282,12
4283,13
4284,12
4285,5
4286,13
4287,12
4288,5
4289,12
4290,13
4291,5
4292,13
4293,5
4294,5
4295,13
4296,5
4297,12
4298,12
4299,12
4300,12
4301,13
4302,5
4303,12
4304,13
4305,5
4306,12
4307,5
4308,5
4309,13
4310,5
4311,5
4312,12
4313,13
4314,13
4315,5
4316,12
4317,13
4318,13
4319,13
4320,13
4321,13
4322,13
4323,5
4324,13
4325,13
4326,5
4327,13
4328,12
4329,12
4330,13
4331,12
4332,5
4333,5
4334,5
4335,13
4336,12
4337,12
4338,13
4339,5
4340,5
4341,12
4342,13
4343,5
4344,12
4345,12
4346,5
4347,5
4348,12
4349,12
4350,12
4351,13
4352,13
4353,13
4354,13
4355,12
4356,5
4357,13
4358,5
4359,5
4360,13
4361,13
4362,5
4363,5
4364,5
4365,13
4366,12
4367,12
4368,13
4369,5
4370,12
4371,12
4372,13
4373,12
4374,13
4375,13
4376,12
4377,5
4378,13
4379,5
4380,5
4381,12
4382,12
4383,5
4384,5
4385,5
4386,12
4387,12
4388,5
4389,12
4390,13
4391,12
4392,12
4393,5
4394,12
4395,12
4396,12
4397,13
4398,12
4399,13
4400,5
4401,12
4402,13
4403,5
4404,12
4405,13
4406,5
4407,5
4408,5
4409,13
4410,12
4411,5
4412,5
4413,5
4414,12
4415,5
4416,5
4417,12
4418,13
4419,12
4420,13
4421,5
4422,12
4423,12
4424,5
4425,13
4426,12
4427,13
4428,12
4429,13
4430,5
4431,5
4432,12
4433,13
4434,13
4435,13
4436,13
4437,12
4438,5
4439,13
4440,12
4441,12
4442,5
4443,12
4444,5
4445,5
4446,13
4447,5
4448,12
4449,5
4450,5
4451,12
4452,12
4453,5
4454,12
4455,12
4456,12
4457,5
4458,13
4459,5
4460,12
4461,12
4462,12
4463,13
4464,13
4465,12
4466,12
4467,5
4468,13
4469,13
4470,13
4471,12
4472,5
4473,13
4474,12
4475,13
4476,13
4477,13
4478,13
4479,5
4480,5
4481,12
4482,5
4483,12
4484,5
4485,13
4486,13
4487,13
4488,12
4489,12
4490,12
4491,12
4492,12
4493,12
4494,5
4495,12
4496,13
4497,13
4498,12
4499,12
4500,13
4501,12
4502,13
4503,13
4504,12
4505,12
4506,5
4507,5
4508,12
4509,13
4510,12
4511,13
4512,5
4513,5
4514,5
4515,5
4516,5
4517,5
4518,13
4519,13
4520,5
4521,13
4522,5
4523,13
4524,5
4525,5
4526,5
4527,12
4528,5
4529,5
4530,5
4531,5
4532,12
4533,12
4534,5
4535,12
4536,12
4537,13
4538,13
4539,13
4540,13
4541,12
4542,13
4543,5
4544,12
4545,12
4546,12
4547,12
4548,13
4549,5
4550,5
4551,5
4552,5
4553,12
4554,13
4555,12
4556,12
4557,13
4558,13
4559,5
4560,12
4561,13
4562,5
4563,4
4564,5
4565,12
4566,13
4567,12
4568,5
4569,13
4570,12
4571,13
4572,5
4573,12
4574,13
4575,12
4576,13
4577,13
4578,5
4579,13
4580,13
4581,13
4582,12
4583,13
4584,12
4585,5
4586,12
4587,12
4588,5
4589,12
4590,12
4591,12
4592,5
4593,12
4594,12
4595,12
4596,5
4597,13
4598,5
4599,12
4600,13
4601,5
4602,5
4603,12
4604,12
4605,13
4606,12
4607,12
4608,13
4609,5
4610,5
4611,13
4612,5
4613,12
4614,13
4615,12
4616,12
4617,5
4618,13
4619,5
4620,5
4621,5
4622,5
4623,12
4624,12
4625,5
4626,13
4627,12
4628,12
4629,5
4630,12
4631,13
4632,12
4633,5
4634,12
4635,13
4636,12
4637,5
4638,12
4639,12
4640,5
4641,13
4642,5
4643,13
4644,5
4645,5
4646,5
4647,5
4648,12
4649,12
4650,12
4651,12
4652,5
4653,5
4654,13
4655,12
4656,13
4657,12
4658,5
4659,12
4660,12
4661,12
4662,13
4663,12
4664,12
4665,12
4666,12
4667,12
4668,5
4669,5
4670,5
4671,5
4672,13
4673,5
4674,5
4675,5
4676,12
4677,13
4678,5
4679,5
4680,12
4681,12
4682,12
4683,5
4684,12
4685,13
4686,13
4687,12
4688,13
4689,5
4690,5
4691,5
4692,13
4693,13
4694,13
4695,13
4696,5
4697,5
4698,13
4699,5
4700,12
4701,5
4702,13
4703,5
4704,12
4705,5
4706,12
4707,5
4708,12
4709,5
4710,5
4711,12
4712,12
4713,5
4714,12
4715,13
4716,5
4717,5
4718,13
4719,12
4720,12
4721,5
4722,12
4723,12
4724,12
4725,5
4726,12
4727,5
4728,5
4729,5
4730,4
4731,5
4732,5
4733,13
4734,5
4735,5
4736,13
4737,12
4738,12
4739,13
4740,12
4741,5
4742,13
4743,13
4744,5
4745,13
4746,12
4747,13
4748,13
4749,5
4750,13
4751,12
4752,12
4753,12
4754,12
4755,5
4756,5
4757,13
4758,12
4759,5
4760,5
4761,13
4762,13
4763,5
4764,5
4765,5
4766,12
4767,5
4768,12
4769,12
4770,13
4771,5
4772,13
4773,5
4774,5
4775,12
4776,12
4777,5
4778,13
4779,13
4780,13
4781,13
4782,5
4783,12
4784,12
4785,5
4786,5
4787,5
4788,13
4789,12
4790,13
4791,13
4792,12
4793,5
4794,13
4795,5
4796,5
4797,13
4798,5
4799,5
4800,12
4801,12
4802,5
4803,12
4804,13
4805,5
4806,5
4807,13
4808,12
4809,13
4810,13
4811,5
4812,12
4813,13
4814,13
4815,12
4816,12
4817,12
4818,12
4819,12
4820,12
4821,12
4822,12
4823,12
4824,5
4825,13
4826,13
4827,13
4828,5
4829,12
4830,5
4831,13
4832,5
4833,13
4834,5
4835,13
4836,13
4837,13
4838,13
4839,5
4840,5
4841,12
4842,13
4843,12
4844,12
4845,5
4846,5
4847,12
4848,13
4849,5
4850,12
4851,13
4852,12
4853,12
4854,12
4855,12
4856,12
4857,12
4858,12
4859,13
4860,5
4861,13
4862,12
4863,13
4864,5
4865,12
4866,12
4867,5
4868,12
4869,12
4870,5
4871,12
4872,13
4873,12
4874,13
4875,12
4876,12
4877,12
4878,13
4879,5
4880,5
4881,12
4882,4
4883,5
4884,12
4885,12
4886,12
4887,13
4888,5
4889,12
4890,13
4891,12
4892,12
4893,13
4894,12
4895,13
4896,5
4897,13
4898,5
4899,13
4900,12
4901,12
4902,12
4903,5
4904,12
4905,13
4906,13
4907,13
4908,13
4909,12
4910,5
4911,12
4912,13
4913,12
4914,13
4915,12
4916,5
4917,12
4918,12
4919,5
4920,5
4921,12
4922,12
4923,13
4924,12
4925,5
4926,12
4927,12
4928,5
4929,5
4930,5
4931,12
4932,12
4933,5
4934,13
4935,12
4936,13
4937,13
4938,12
4939,12
4940,12
4941,5
4942,5
4943,12
4944,12
4945,13
4946,5
4947,13
4948,5
4949,13
4950,5
4951,13
4952,13
4953,12
4954,12
4955,13
4956,5
4957,5
4958,5
4959,12
4960,13
4961,12
4962,13
4963,5
4964,12
4965,5
4966,13
4967,5
4968,12
4969,5
4970,12
4971,12
4972,13
4973,12
4974,13
4975,13
4976,12
4977,5
4978,5
4979,12
4980,13
4981,12
4982,13
4983,13
4984,13
4985,5
4986,5
4987,13
4988,12
4989,13
4990,12
4991,5
4992,12
4993,13
4994,12
4995,13
4996,5
4997,5
4998,13
4999,5
5000,12
5001,13
5002,5
5003,13
5004,5
5005,12
5006,12
5007,13
5008,5
5009,12
5010,5
5011,13
5012,13
5013,12
5014,13
5015,12
5016,12
5017,13
5018,13
5019,12
5020,5
5021,13
5022,5
5023,13
5024,12
5025,13
5026,12
5027,5
5028,5
5029,12
5030,13
5031,12
5032,13
5033,12
5034,5
5035,12
5036,5
5037,12
5038,13
5039,5
5040,5
5041,5
5042,13
5043,12
5044,13
5045,12
5046,5
5047,12
5048,12
5049,12
5050,13
5051,5
